CommonName,LinneanName,Database
,Allothenemus minutus,USDA
,Alniphagus aspericollis,USDA
,Ambrosiodmus devexulus,USDA
,Ambrosiodmus lecontei,USDA
,Ambrosiodmus minor,USDA
,Ambrosiodmus obliquus,USDA
,Ambrosiodmus rubricollis,USDA
,Ambrosiodmus sp.,USDA
,Ambrosiodmus tachygraphus,USDA
,Ambrosiophilus atratus,USDA
,Anisandrus dispar,USDA
,Anisandrus maiche,USDA
,Anisandrus obesus,USDA
,Anisandrus sayi,USDA
,Araptus,USDA
,Cactopinus pini,USDA
,Cactopinus rhois,USDA
,Carphoborus bifurcus,USDA
,Carphoborus blaisdelli,USDA
,Carphoborus brevisetosus,USDA
,Carphoborus frontalis,USDA
,Carphoborus pinicolens,USDA
,Carphoborus ponderosae,USDA
,Carphoborus simplex,USDA
,Carphoborus sp,USDA
,Carphoborus vandykei,USDA
,Chaetophloeus,USDA
,Chaetophloeus heterodoxus,USDA
,Chaetophloeus parkinsoniae,USDA
,Chaetophloeus pencillatus,USDA
,Chaetophloeus pruinosus,USDA
,Chramesus,USDA
,Chramesus chapuisi,USDA
,Chramesus hicoriae,USDA
,Cladoctonus brevisetosus,USDA
,Cnesinus strigicollis,USDA
,Cnestus mutilatus,USDA
,Coccotrypes,USDA
,Coccotrypes cyperi,USDA
,Coccotrypes carpophagus,USDA
,Coccotrypes dactyliperda,USDA
,Conophthorus coniperda,USDA
,Conophthorus edulis,USDA
,Conophthorus ponderosae,USDA
,Conophthorus radiatae,USDA
,Conophthorus sp.,USDA
,Coptoborus bellus,USDA
,Coptoborus pseudotenuis,USDA
,Corthylus columbianus,USDA
,Corthylus insularis,USDA
,Corthylus papulans,USDA
,Corthylus punctatissimus,USDA
,Corthylus spinifer,USDA
,Corthylus tuberculatus,USDA
,Cryphalus,USDA
,Cryphalus pubescens,USDA
,Cryphalus ruficollis,USDA
,Cryptocarenus heveae,USDA
,Cryptocarenus seriatus,USDA
,Crypturgus,USDA
,Crypturgus alutaceous,USDA
,Crypturgus borealis,USDA
,Crypturgus pusillus,USDA
,Crytocarenus seriatus,USDA
,Cyclorhipidion bodoanum,USDA
,Cyclorhipidion pelliculosum,USDA
,Dendrocranulus,USDA
,Dendrocranulus carbonarius,USDA
,Dendrocranulus cucurbitae,USDA
,Dendroctonus approximatus,USDA
,Dendroctonus brevicomis,USDA
,Dendroctonus frontalis,USDA
,Dendroctonus murrayanae,USDA
,Dendroctonus ponderosae,USDA
,Dendroctonus pseudotsugae,USDA
,Dendroctonus punctatus,USDA
,Dendroctonus rufipennis,USDA
,Dendroctonus simplex,USDA
,Dendroctonus terebrans,USDA
,Dendroctonus valens,USDA
,Dolurgus pumilus,USDA
,Dryocoetes,USDA
,Dryocoetes affaber,USDA
,Dryocoetes autographus,USDA
,Dryocoetes betulae,USDA
,Dryocoetes caryi,USDA
,Dryocoetes confusus,USDA
,Dryocoetes granicollis,USDA
,Dryoxylon onoharaensum,USDA
,Euwallacea fornicatus,USDA
,Euwallacea interjectus,USDA
,Euwallacea validus,USDA
,Gnathotrichus denticulatus,USDA
,Gnathotrichus materiarius,USDA
,Gnathotrichus nimifrons,USDA
,Gnathotrichus pilosus,USDA
,Gnathotrichus retusus,USDA
,Gnathotrichus sulcatus,USDA
,Hylastes,USDA
,Hylastes asperatus,USDA
,Hylastes fulgidus,USDA
,Hylastes gracilis,USDA
,Hylastes longicollis,USDA
,Hylastes macer,USDA
,Hylastes nigrinus,USDA
,Hylastes opacus,USDA
,Hylastes porculus,USDA
,Hylastes ruber,USDA
,Hylastes salebrosus,USDA
,Hylastes subopacus,USDA
,Hylastes tenuis,USDA
,Hylastinus obscurus,USDA
,Hylesinus,USDA
,Hylesinus aculeatus,USDA
,Hylesinus californicus,USDA
,Hylesinus criddlei,USDA
,Hylesinus fasciatus,USDA
,Hylesinus oregonus,USDA
,Hylesinus pruinosus,USDA
,Hylocuris binodatus,USDA
,Hylocuris schwarzi,USDA
,Hylocurus,USDA
,Hylocurus biconcavus,USDA
,Hylocurus bicornus,USDA
,Hylocurus binodatus,USDA
,Hylocurus flaglerensis,USDA
,Hylocurus harnedi,USDA
,Hylocurus hirtellus,USDA
,Hylocurus langstoni,USDA
,Hylocurus parkinsoniae,USDA
,Hylocurus rudis,USDA
,Hylocurus schwarzi,USDA
,Hylocurus spadix,USDA
,Hylocurus torosus,USDA
,Hylurgopinus rufipes,USDA
,Hylurgops incomptus,USDA
,Hylurgops palliatus,USDA
,Hylurgops pinifex,USDA
,Hylurgops porosus,USDA
,Hylurgops reticulatus,USDA
,Hylurgops rugipennis pinifex,USDA
,Hylurgops rugipennis rugipennis,USDA
,Hylurgops subcostulatus,USDA
,Hylurgus ligniperda,USDA
,Hypocryphalus magniferae,USDA
,Hypocryphalus sp.,USDA
,Hypothenemus,USDA
,Hypothenemus birmanus,USDA
,hypothenemus crudiae,USDA
,Hypothenemus dissimilis,USDA
,Hypothenemus erectus,USDA
,Hypothenemus eruditus,USDA
,Hypothenemus miles,USDA
,Hypothenemus rotundicollis,USDA
,Hypothenemus seriatus,USDA
,Ips,USDA
,Ips avulsus,USDA
,Ips borealis,USDA
,Ips borealis borealis,USDA
,Ips borealis lanieri,USDA
,Ips calligraphus,USDA
,Ips confusus,USDA
,Ips grandicollis,USDA
,Ips hunteri,USDA
,Ips integer,USDA
,Ips montanus,USDA
,Ips paraconfusus,USDA
,Ips perroti,USDA
,Ips perturbatus,USDA
,Ips pilifrons pilifrons,USDA
,Ips pilifrons utahensis,USDA
,Ips pini,USDA
,Ips plastographus,USDA
,Ips sexdentatus,USDA
,Ips tridens englemanni,USDA
,Ips tridens tridens,USDA
,Ips typographus,USDA
,Ips woodi,USDA
,Lymantor decipiens,USDA
,Micracis,USDA
,Micracis suturalis,USDA
,Micracis swainei,USDA
,Micracisella,USDA
,Micracisella nanula,USDA
,Micracisella opacicollis,USDA
,Microborus lautus,USDA
,Monarthrum dentigerum,USDA
,Monarthrum fasciatum,USDA
,Monarthrum mali,USDA
,Monarthrum scutellare,USDA
,Orthotomicus caelatus,USDA
,Orthotomicus erosus,USDA
,Orthotomicus latidens,USDA
,Orthotomicus spinifer,USDA
,Phloeosinus,USDA
,Phloeosinus californicus,USDA
,Phloeosinus canadensis,USDA
,Phloeosinus cristatus,USDA
,Phloeosinus cupressi,USDA
,Phloeosinus dentatus,USDA
,Phloeosinus furnissi,USDA
,Phloeosinus hoferi,USDA
,Phloeosinus hoppingi,USDA
,Phloeosinus pini,USDA
,Phloeosinus punctatus,USDA
,Phloeosinus scopulorum neomexicanus,USDA
,Phloeosinus scopulorum s.str.,USDA
,Phloeosinus sequoiae,USDA
,Phloeosinus serratus,USDA
,Phloeosinus taxodii taxodii,USDA
,Phloeosinus vandykei,USDA
,Phloeotribus,USDA
,Phloeotribus dentifrons,USDA
,Phloeotribus frontalis,USDA
,Phloeotribus lecontei,USDA
,Phloeotribus liminaris,USDA
,Phloeotribus piceae,USDA
,Phloeotribus texanus,USDA
,Pityoborus,USDA
,Pityoborus comatus,USDA
,Pityogenes,USDA
,Pityogenes bidentatus,USDA
,Pityogenes carinulatus,USDA
,Pityogenes chalcographus,USDA
,Pityogenes fossifrons,USDA
,Pityogenes hopkinsi,USDA
,Pityogenes kneckteli,USDA
,Pityogenes meridianus,USDA
,Pityogenes plagiatus,USDA
,Pityokteines,USDA
,Pityokteines elegans,USDA
,Pityokteines minutus,USDA
,Pityokteines ornatus,USDA
,Pityokteines sparsus,USDA
,Pityophthorus,USDA
,Pityophthorus annectans,USDA
,Pityophthorus arcanus,USDA
,Pityophthorus barberi,USDA
,Pityophthorus cariniceps,USDA
,Pityophthorus confusus,USDA
,Pityophthorus consimilis,USDA
,Pityophthorus crinalis,USDA
,Pityophthorus juglandis,USDA
,Pityophthorus lautus,USDA
,Pityophthorus liquidambarus,USDA
,Pityophthorus pulchellus,USDA
,Pityophthorus pulicarius,USDA
,Pityophthorus pullus,USDA
,Pityophthorus spp,USDA
,Platypodinae,USDA
,Polygraphus convexifrons,USDA
,Polygraphus rufipennis,USDA
,Premnobius cavipennis,USDA
,Premnobius spp,USDA
,Procryphalus utahensis,USDA
,Pseudips concinnus,USDA
,Pseudips mexicanus,USDA
,Pseudohylesinus dispar,USDA
,Pseudohylesinus granulatus,USDA
,Pseudohylesinus nebulosus nebulosus,USDA
,Pseudohylesinus pini,USDA
,Pseudohylesinus sericeus,USDA
,Pseudohylesinus sitchensis,USDA
,Pseudohylesinus tsugae,USDA
,Pseudopityophthorus,USDA
,Pseudopityophthorus agrifoliae,USDA
,Pseudopityophthorus asperulus,USDA
,Pseudopityophthorus minutissimus,USDA
,Pseudopityophthorus pruinosis,USDA
,Pseudopityophthorus pubipennis,USDA
,Pseudothysanoes,USDA
,Pseudothysanoes dislocatus,USDA
,Ptilopodius sp.,USDA
,Pycnarthrum hispidum,USDA
,Scierus annectans,USDA
,Scolytodes,USDA
,Scolytodes schwarzi,USDA
,Scolytogenes jalapae,USDA
,Scolytogenes sp.,USDA
,Scolytus,USDA
,Scolytus fagi,USDA
,Scolytus laricis,USDA
,Scolytus mali,USDA
,Scolytus monticolae,USDA
,Scolytus multistriatus,USDA
,Scolytus muticus,USDA
,Scolytus opacus,USDA
,Scolytus oregoni,USDA
,Scolytus piceae,USDA
,Scolytus praeceps,USDA
,Scolytus quadrispinosus,USDA
,Scolytus reflexus,USDA
,Scolytus robustus,USDA
,Scolytus rugulosus,USDA
,Scolytus schevyrewi,USDA
,Scolytus tsugae,USDA
,Scolytus unispinosus,USDA
,Scolytus ventralis,USDA
,Stevewoodia minutus,USDA
,Theoborus puertoricensis,USDA
,Theoborus ricini,USDA
,Thysanoes,USDA
,Thysanoes fimbricornis,USDA
,Thysanoes pallens,USDA
,Tomicus piniperda,USDA
,Tony Courter,USDA
,Trischidias,USDA
,Trischidias puertoricensis,USDA
,Trypodendron,USDA
,Trypodendron betulae,USDA
,Trypodendron borealis,USDA
,Trypodendron domesticum,USDA
,Trypodendron lineatum,USDA
,Trypodendron retusum,USDA
,Trypodendron rufitarsis,USDA
,Trypodendron scabricollis,USDA
,Trypophloeus populi,USDA
,Trypophloeus salicis,USDA
,Trypophloeus thatcheri,USDA
,Wallacellus similis,USDA
,Xyleborinus andrewesi,USDA
,Xyleborinus artestriatus,USDA
,Xyleborinus attenuatus,USDA
,Xyleborinus exiguus,USDA
,Xyleborinus gracilis,USDA
,Xyleborinus insulosus,USDA
,Xyleborinus octiesdentatus,USDA
,Xyleborinus saxesenii,USDA
,Xyleborus affinis,USDA
,Xyleborus bispinatus,USDA
,Xyleborus celsus,USDA
,Xyleborus ferrugineus,USDA
,Xyleborus glabratus,USDA
,Xyleborus horridus,USDA
,Xyleborus impressus,USDA
,Xyleborus intrusus,USDA
,Xyleborus obesus,USDA
,Xyleborus perforans,USDA
,Xyleborus pfeili,USDA
,Xyleborus planicollis,USDA
,Xyleborus positicus,USDA
,Xyleborus pubescens,USDA
,Xyleborus seriatus,USDA
,Xyleborus simillimus,USDA
,Xyleborus simulatus,USDA
,Xyleborus sp.,USDA
,Xyleborus spinulosus,USDA
,Xyleborus viduus,USDA
,Xyleborus volvulus,USDA
,Xyleborus xylographus,USDA
,Xylechinus americanus,USDA
,Xylechinus montanus,USDA
,Xylosandrus amputatus,USDA
,Xylosandrus compactus,USDA
,Xylosandrus crassiusculus,USDA
,Xylosandrus germanus,USDA
,Xylosandrus morigerus,USDA
,Xyloterinus politus,USDA
,Abagrotis glenni,CanadaNR
,Acalitus rudis,CanadaNR
,Acantholyda balanata,CanadaNR
,Acantholyda erythrocephala,CanadaNR
,Acantholyda verticalis,CanadaNR
,Aceria elongatus,CanadaNR
,Aceria parapopuli,CanadaNR
,Acericecis ocellaris,CanadaNR
,Acleris gloverana,CanadaNR
,Acleris variana,CanadaNR
,Acossus centerensis,CanadaNR
,Acossus populi,CanadaNR
,Adelges abietis,CanadaNR
,Adelges cooleyi,CanadaNR
,Adelges piceae,CanadaNR
,Agrilus anxius,CanadaNR
,Agrilus bilineatus,CanadaNR
,Agrilus planipennis,CanadaNR
,Alsophila pometaria,CanadaNR
,Amphibolips quercusinanis,CanadaNR
,Anatis mali,CanadaNR
,Anoplonyx laricivorus,CanadaNR
,Anoplonyx luteipes,CanadaNR
,Anoplonyx occidens,CanadaNR
,Anoplophora glabripennis,CanadaNR
,Aphis sp.,CanadaNR
,Aphrophora cribrata,CanadaNR
,Archips cerasivorana,CanadaNR
,Archips tsugana,CanadaNR
,Arge pectoralis,CanadaNR
,Argyresthia cupressella,CanadaNR
,Argyresthia thuiella,CanadaNR
,Argyrotaenia citrana,CanadaNR
,Argyrotaenia dorsalana,CanadaNR
,Bucculatrix canadensisella,CanadaNR
,Buprestis aurulenta,CanadaNR
,Caliroa cerasi,CanadaNR
,Callophrys eryphon,CanadaNR
,Callophrys grynea barryi,CanadaNR
,Callophrys grynea rosneri,CanadaNR
,Caloptilia syringella,CanadaNR
,Cameraria aceriella,CanadaNR
,Camponotus sp.,CanadaNR
,Caripeta aequaliaria,CanadaNR
,Caripeta divisata,CanadaNR
,Carulaspis juniperi,CanadaNR
,Cecidomyia resinicola,CanadaNR
,Cephalcia californica,CanadaNR
,Cephalcia fascipennis,CanadaNR
,Chionaspis pinifoliae,CanadaNR
,Chionodes continuella,CanadaNR
,Choristoneura biennis,CanadaNR
,Choristoneura conflictana,CanadaNR
,Choristoneura fumiferana,CanadaNR
,Choristoneura lambertiana,CanadaNR
,Choristoneura occidentalis,CanadaNR
,Choristoneura pinus,CanadaNR
,Cladara limitaria,CanadaNR
,Clepsis persicana,CanadaNR
,Coccinella sp.,CanadaNR
,Coleophora laricella,CanadaNR
,Coleophora serratella,CanadaNR
,Coleotechnites atrupictella,CanadaNR
,Coleotechnites piceaella,CanadaNR
,Coleotechnites thujaella,CanadaNR
,Conophthorus resinosae,CanadaNR
,Contarinia baeri,CanadaNR
,Cosmia elisae,CanadaNR
,Croesia semipurpurana,CanadaNR
,Cryptococcus fagisuga,CanadaNR
,Cryptorhynchus lapathi,CanadaNR
,Crypturgus pusillus,CanadaNR
,Cydia strobilella,CanadaNR
,Dasychira grisefacta,CanadaNR
,Dendroctonus ponderosae,CanadaNR
,Dendroctonus pseudotsugae,CanadaNR
,Dendroctonus rufipennis,CanadaNR
,Dendroctonus simplex,CanadaNR
,Dichomeris marginella,CanadaNR
,Digrammia setonana,CanadaNR
,Digrammia triviata,CanadaNR
,Dioryctria abietivorella,CanadaNR
,Dioryctria pseudotsugella,CanadaNR
,Dioryctria reniculelloides,CanadaNR
,Diprion similis,CanadaNR
,Ditula angustiorana,CanadaNR
,Dolichomia thymetusalis,CanadaNR
,Dryocampa rubicunda,CanadaNR
,Dryocoetes confusus,CanadaNR
,Ectropis crepuscularia,CanadaNR
,Egira hiemalis,CanadaNR
,Egira simplex,CanadaNR
,Elatobium abietinum,CanadaNR
,Enargia decolor,CanadaNR
,Enoclerus nigripes rufiventris,CanadaNR
,Enypia griseata,CanadaNR
,Enypia packardata,CanadaNR
,Enypia venata,CanadaNR
,Epinotia hopkinsana,CanadaNR
,Epinotia radicana,CanadaNR
,Epinotia solandriana,CanadaNR
,Epinotia subviridis,CanadaNR
,Epirrita autumnata,CanadaNR
,Epirrita pulchraria,CanadaNR
,Eriophyes fraxiniflora,CanadaNR
,Eriophyes sp.,CanadaNR
,Eucosma gloriola,CanadaNR
,Eulithis destinata,CanadaNR
,Eupeodes lapponicus,CanadaNR
,Eupithecia annulata,CanadaNR
,Eupithecia interruptofasciata,CanadaNR
,Eupithecia lariciata,CanadaNR
,Eupithecia longipalpata,CanadaNR
,Eupithecia niphadophilata,CanadaNR
,Eupithecia olivacea,CanadaNR
,Eupithecia ornata,CanadaNR
,Eupithecia palpata,CanadaNR
,Eupithecia placidata,CanadaNR
,Eupithecia subfuscata,CanadaNR
,Eupithecia unicolor,CanadaNR
,Eurois occulta,CanadaNR
,Eurytoma pissodis,CanadaNR
,Fenusa pusilla,CanadaNR
,Feralia comstocki,CanadaNR
,Feralia jocosa,CanadaNR
,Gabriola dyari,CanadaNR
,Gilpinia hercyniae,CanadaNR
,Glena nigricaria,CanadaNR
,Glycobius speciosus,CanadaNR
,Gnathotrichus sulcatus,CanadaNR
,Hemithea aestivaria,CanadaNR
,Heterarthrus nemoratus,CanadaNR
,Heterocampa guttivitta,CanadaNR
,Hyalophora euryalis,CanadaNR
,Hydriomena irata,CanadaNR
,Hydriomena speciosata,CanadaNR
,Hylesinus californicus [,CanadaNR
,Hylobius congener,CanadaNR
,Hylobius pales,CanadaNR
,Hylobius warreni,CanadaNR
,Hylurgopinus rufipes,CanadaNR
,Hypagyrtis piniata,CanadaNR
,Hyphantria cunea,CanadaNR
,Iridopsis ephyraria,CanadaNR
,Isochnus rufipes,CanadaNR
,Itame pustularia,CanadaNR
,Itoplectis conquisitor,CanadaNR
,Kaliofenusa ulmi,CanadaNR
,Lambdina fiscellaria,CanadaNR
,Lambdina fiscellaria lugubrosa,CanadaNR
,Lambdina fiscellaria somniaria,CanadaNR
,Lepidosaphes ulmi,CanadaNR
,Leptocorus trivittatus,CanadaNR
,Leucoma salicis,CanadaNR
,Lithophane atara,CanadaNR
,Lithophane itata,CanadaNR
,Lonchaea corticis,CanadaNR
,Lophocampa argentata,CanadaNR
,Lymantria dispar,CanadaNR
,Macaria adonis,CanadaNR
,Macaria signaria dispuncta,CanadaNR
,Malacosoma californicum pluviale,CanadaNR
,Malacosoma disstria,CanadaNR
,Megacyllene robiniae,CanadaNR
,Melanolophia imitata,CanadaNR
,Meteorus trachynotus,CanadaNR
,Mindarus abietinus,CanadaNR
,Monochamus scutellatus,CanadaNR
,Nematocampa resistaria,CanadaNR
,Neoalcis californiaria,CanadaNR
,Neodiprion abietis,CanadaNR
,Neodiprion lecontei,CanadaNR
,Neodiprion mundus,CanadaNR
,Neodiprion nanulus contortae,CanadaNR
,Neodiprion nanulus nanulus,CanadaNR
,Neodiprion sertifer,CanadaNR
,Neodiprion swainei,CanadaNR
,Neodiprion tsugae,CanadaNR
,Neophasia menapia,CanadaNR
,Nepytia freemani,CanadaNR
,Nepytia phantasmaria,CanadaNR
,Nepytia umbrosaria nigrovenaria,CanadaNR
,Nymphalis antiopa,CanadaNR
,Oligonychus ununguis,CanadaNR
,Operophtera bruceata,CanadaNR
,Operophtera brumata,CanadaNR
,Orgyia antiqua,CanadaNR
,Orgyia leucostigma,CanadaNR
,Orgyia pseudotsugata,CanadaNR
,Orthosia hibisci,CanadaNR
,Otiorhynchus ovatus,CanadaNR
,Paleacrita vernata,CanadaNR
,Paraclemensia acerifoliella,CanadaNR
,Paradiplosis tumifex,CanadaNR
,Paraphytomyza populicola,CanadaNR
,Pero behrensaria,CanadaNR
,Pero morrisonaria,CanadaNR
,Petrova albicapitana,CanadaNR
,Petrova metallica,CanadaNR
,Phloeosinus sequoiae,CanadaNR
,Phyllobius intrusus,CanadaNR
,Phyllocnistis populiella,CanadaNR
,Physokermes piceae,CanadaNR
,Pikonema alaskensis,CanadaNR
,Pikonema dimmockii,CanadaNR
,Pineus pinifoliae,CanadaNR
,Pineus strobi,CanadaNR
,Pissodes nemorensis,CanadaNR
,Pissodes strobi,CanadaNR
,Pissodes terminalis,CanadaNR
,Pleroneura brunneicornis,CanadaNR
,Podosesia syringae [,CanadaNR
,Prionoxystus robiniae,CanadaNR
,Pristiphora erichsonii,CanadaNR
,Pristiphora geniculata,CanadaNR
,Pristiphora leechi,CanadaNR
,Profenusa thomsoni,CanadaNR
,Promylea lunigerella,CanadaNR
,Protoboarmia porcelaria,CanadaNR
,Rhyacionia buoliana,CanadaNR
,Rhynchaenus testaceus,CanadaNR
,Sabulodes edwardsata,CanadaNR
,Saperda calcarata,CanadaNR
,Saperda populnea moesta,CanadaNR
,Sarcophaga aldrichi,CanadaNR
,Scolytus multistriatus,CanadaNR
,Semiothisa sexmaculata,CanadaNR
,Sesia tibialis,CanadaNR
,Sparganothis acerivorana,CanadaNR
,Stenoporpia pulmonaria satisfacta,CanadaNR
,Synanthedon sequoiae,CanadaNR
,Synaxis pallulata,CanadaNR
,Syndemis afflictana,CanadaNR
,Syngrapha alias,CanadaNR
,Syngrapha celsa,CanadaNR
,Taeniothrips inconsequens,CanadaNR
,Tetracis cachexiata,CanadaNR
,Tetropium fuscum,CanadaNR
,Thallophaga hyperborea,CanadaNR
,Thecodiplosis piniresinosae,CanadaNR
,Thera otisi,CanadaNR
,Tolype dayi,CanadaNR
,Tomicus piniperda,CanadaNR
,Toumeyella parvicornis,CanadaNR
,Trachykele blondeli,CanadaNR
,Trypodendron lineatum,CanadaNR
,Vasates quadripedes,CanadaNR
,Xanthogaleruca luteola,CanadaNR
,Xestia mustelina,CanadaNR
,Xestia praevia,CanadaNR
,Xyleborinus saxeseni,CanadaNR
,Xylosandrus germanus,CanadaNR
,Zale duplicata,CanadaNR
,Zeiraphera canadensis,CanadaNR
,Zeiraphera hesperiana,CanadaNR
,Zeiraphera improbana,CanadaNR
,Zeiraphera unfortunana,CanadaNR
,Zeiraphera vancouverana,CanadaNR
,Zelleria haimbachi,CanadaNR
Alder root and collar rot,Phytophthora alni,Perdue
Alfalfa broomrape,Orobanche aegyptiaca,Perdue
Alfalfa mosaic (AMV),Alfamovirus Alfalfa Mosaic Virus,Perdue
Alfalfa snout beetle,Otiorhynchus ligustici,Perdue
Alfalfa weevil,Hypera postica,Perdue
Alligatorweed,Alternanthera philoxeroides,Perdue
Allium leaf miner,Phytomyza gymnostoma,Perdue
Allium leafminer,Acrolepiopsis sapporensis,Perdue
Almond witches' broom,Candidatus Phytoplasma phoenicium 16SrIX-B,Perdue
Ambrosia beetle,Megaplatypus mutatus,Perdue
Ambrosia beetle,Anisandrus maiche,Perdue
American foulbrood,Paenibacillus larvae larvae,Perdue
American palm cixiid,Haplaxius crudus,Perdue
Annual ryegrass toxicity,Rathayibacter toxicus,Perdue
Anthracnose; Leaf blight,Colletotrichum truncatum,Perdue
Apple ermine moth,Yponomeuta malinellus,Perdue
Apple maggot,Rhagoletis pomonella,Perdue
Apple proliferation,Candidatus Phytoplasma mali 16SrX-A,Perdue
Apple root-knot nematode,Meloidogyne mali,Perdue
Apple Tortrix,Archips fuscocupreanus,Perdue
Argentine ant,Linepithema humile,Perdue
Arrowhead scale,Unaspis yanonensis,Perdue
Ash dieback,Hymenoscyphus fraxineus,Perdue
Ashwaganda,Withania somnifera,Perdue
Asian corn borer,Ostrinia furnacalis,Perdue
Asian giant hornet,Vespa mandarinia,Perdue
Asian gypsy moth,Lymantria dispar asiatica,Perdue
Asian longhorned beetle,Anoplophora glabripennis,Perdue
Asian pear blight,Erwinia pyrifoliae,Perdue
Asian tiger mosquito,Aedes albopictus,Perdue
Asiatic brown rot,Monilia polystroma,Perdue
Asiatic citrus psyllid,Diaphorina citri,Perdue
Asiatic garden beetle,Maladera castanea,Perdue
Asiatic rice borer,Chilo suppressalis,Perdue
Asiatic witchweed,Striga asiatica,Perdue
Australasian soybean rust,Phakopsora pachyrhizi,Perdue
Australian grapevine yellows,Candidatus Phytoplasma australiense 16SrXII-B,Perdue
Australian pine,Casuarina equisetifolia,Perdue
Autumn-olive,Elaeagnus umbellata,Perdue
Avocado seed moth,Stenoma catenifer,Perdue
Bacterial blight,Xanthomonas oryzae pv. oryzae,Perdue
Bacterial blight,Xanthomonas axonopodis,Perdue
Bacterial fasciation,Rhodococcus fascians,Perdue
Bacterial leaf scorch,Xylella fastidiosa,Perdue
Bacterial leaf spot/ blight,Acidovorax anthurii,Perdue
Bacterial leaf streak,Xanthomonas oryzae pv. oryzicola,Perdue
Bacterial rot/ blight,Dickeya dadantii,Perdue
Bacterial rot/ blight,Dickeya zeae,Perdue
Bacterial rot/ blight,Dickeya dieffenbachiae,Perdue
Bacterial wilt,Xanthomonas campestris,Perdue
Bacterial wilt; Southern bacterial wilt,Ralstonia solanacearum race 3 biovar 2,Perdue
Bagrada bug,Bagrada hilaris,Perdue
Bakanae; Foolish seedling,Fusarium fujikuroi,Perdue
Bamboo borer,Chlorophorus annularis,Perdue
Bamboo spider mite,Schizotetranychus celarius,Perdue
Banana moth,Opogona sacchari,Perdue
Banded elm bark beetle,Scolytus schevyrewi,Perdue
Banks Melastoma,Melastoma malabathricum,Perdue
Barberry,Berberis spp.,Perdue
Bark beetle,Pityoborus comatus,Perdue
Bark canker,Neonectria coccinea,Perdue
Barnyardgrass,Echinochloa crus-galli,Perdue
Bean bacterial wilt/ leaf spot/ canker,Curtobacterium flaccumfaciens pv. flaccumfaciens,Perdue
Bean common mosaic (BCMV),Potyvirus Bean Common Mosaic Virus,Perdue
Bean leatherleaf slug,Sarasinula plebeia,Perdue
Bean plataspid,Megacopta cribraria,Perdue
Bindweed gall mite,Aceria malherbae,Perdue
Birdsfoot trefoil,Lotus corniculatus,Perdue
Bitter dock; Broadleaf dock,Rumex obtusifolius,Perdue
Black alder; European alder,Alnus glutinosa,Perdue
Black cutworm,Agrotis ipsilon,Perdue
Black fir sawyer,Monochamus urussovii,Perdue
Black imported fire ant (IFA),Solenopsis richteri,Perdue
Black maize beetle,Heteronychus arator,Perdue
Black Parlatoria scale,Parlatoria ziziphi,Perdue
Black root rot,Thielaviopsis basicola,Perdue
Black sigatoka,Pseudocercospora fijiensis,Perdue
Black spruce beetle,Tetropium castaneum,Perdue
Black swallow-wort,Cynanchum louiseae,Perdue
Black velvet leatherleaf slug,Belocaulus (Veronicella) angustipes (ameghini),Perdue
Black wood (Bois noir),Candidatus Phytoplasma solani-related,Perdue
Blue stain fungus,Ophiostoma longicolla,Perdue
Blue stain; Vascular wilt,Leptographium truncatum,Perdue
Blueberry maggot,Rhagoletis mendax,Perdue
Blueberry scorch (BLScV),Carlavirus Blueberry Scorch Virus,Perdue
Bluestain fungus,Ophiostoma piceae,Perdue
Blueweed,Echium vulgare,Perdue
Bohemian knotweed,Polygonum x bohemicum,Perdue
Boll weevil,Anthonomus grandis,Perdue
Boxwood blight; Leaf and stem blight,Calonectria pseudonaviculata,Perdue
Brazilian Elodea,Egeria densa,Perdue
Brazilian pepper,Schinus terebinthifolius,Perdue
British root-knot nematode,Meloidogyne artiellia,Perdue
Brittle naiad,Najas minor,Perdue
Broadleaf arrowhead,Sagittaria latifolia,Perdue
Broadleaved pepperweed,Lepidium latifolium,Perdue
Bronze birch borer,Agrilus anxius,Perdue
Brown citrus aphid,Toxoptera citricidus,Perdue
Brown fir longhorned beetle,Callidiellum villosulum,Perdue
Brown garden snail,Cornu aspersum,Perdue
Brown lipped snail,Cepaea nemoralis,Perdue
Brown marmorated stink bug,Halyomorpha halys,Perdue
Brown root rot,Phellinus noxius,Perdue
Brown rot and spur canker,Monilinia fructigena,Perdue
Brown spruce longhorned beetle,Tetropium fuscum,Perdue
Brown stripe downy mildew,Sclerophthora rayssiae var. zeae,Perdue
Bruce spanworm,Operophtera bruceata,Perdue
Bud borer,Crocidosema aporema,Perdue
Burgundy snail,Helix pomatia,Perdue
Burrowing nematode,Radopholus similis,Perdue
Butternut canker,Ophiognomonia clavigignenti-juglandacearum,Perdue
Cabbage cluster caterpillar,Crocidolomia binotalis,Perdue
Cabbage moth,Mamestra brassicae,Perdue
Cacao Moniliophthora pod rot,Moniliophthora roreri,Perdue
Cactus moth,Cactoblastis cactorum,Perdue
Camphor shot borer,Cnestus mutilatus,Perdue
Canada thistle,Cirsium arvense,Perdue
Canadian waterweed,Elodea canadensis,Perdue
Caribbean fruit fly; Carib fly,Anastrepha suspensa,Perdue
Carolina fanwort,Cabomba caroliniana,Perdue
Carpenter worm,Chilecomadia valdiviana,Perdue
Casuarina tussock moth,Lymantria xylina,Perdue
Cerambycid beetle,Xylotrechus spp.,Perdue
Cerambycid sawyer beetle,Monochamus spp.,Perdue
Cereal cyst nematode,Heterodera filipjevi,Perdue
Cereal leaf beetle,Oulema melanopus,Perdue
Cereal leaf beetle fairyfly,Anaphes flavipes,Perdue
Cheatgrass; Downy brome,Bromus tectorum,Perdue
Cherry bark Tortrix,Enarmonia formosana,Perdue
Cherry blossom moth,Argyresthia pruniella,Perdue
Chestnut blight,Cryphonectria parasitica,Perdue
Chickpea cyst nematode,Heterodera ciceri,Perdue
Chilean false red mite,Brevipalpus chilensis,Perdue
Chilli thrips; Yellow tea thrips,Scirtothrips dorsalis,Perdue
Chinaberry,Melia azedarach,Perdue
Chinese mystery snail,Cipangopaludina chinensis,Perdue
Chinese slug,Meghimatium pictum,Perdue
Christmas berry webworm,Cryptoblabes gnidiella,Perdue
Chrysanthemum white rust,Puccinia horiana,Perdue
Citrus black spot,Phyllosticta citricarpa,Perdue
Citrus brown mite,Eutetranychus orientalis,Perdue
Citrus canker,Xanthomonas axonopodis pv. citri,Perdue
Citrus fruit borer,Gymnandrosoma aurantianum,Perdue
Citrus greening huanglongbing (African),Candidatus Liberibacter africanus,Perdue
Citrus greening huanglongbing (Asian),Candidatus Liberibacter asiaticus,Perdue
Citrus greening huanglongbing (Brazilian,Candidatus Liberibacter americanus,Perdue
Citrus leprosis (CiLV),Cilevirus Citrus Leprosis Virus,Perdue
Citrus longhorned beetle,Anoplophora chinensis,Perdue
Citrus root-knot nematode,Meloidogyne donghaiensis,Perdue
Citrus root-knot nematode,Meloidogyne citri,Perdue
Citrus root-knot nematode,Meloidogyne mingnanica,Perdue
Citrus root-knot nematode,Meloidogyne indica,Perdue
Citrus root-knot nematode,Meloidogyne fujianensis,Perdue
Citrus root-knot nematode,Meloidogyne kongi,Perdue
Citrus root-knot nematode,Meloidogyne jianyangensis,Perdue
Citrus tristeza (CTV); Quick decline,Closterovirus Citrus Tristeza Virus,Perdue
Citrus variegated chlorosis,Xylella fastidiosa CVC strain,Perdue
City longhorned beetle,Aeolesthes sarta,Perdue
Climbing nightshade; Bittersweet,Solanum dulcamara,Perdue
Coastal wattle,Acacia cyclops,Perdue
Cochlicellid snails,Cochlicella spp.,Perdue
Cocoa mealybug,Exallomochlus hispidus,Perdue
Coconut cadang cadang (CCCVd),Cocadviroid Coconut Cadang Cadang Viroid,Perdue
Coconut rhinoceros beetle,Oryctes rhinoceros,Perdue
Codling moth,Cydia pomonella,Perdue
Coffee leaf rust,Hemileia vastatrix,Perdue
Coffee mealybug,Planococcus lilacinus,Perdue
Coffee root-knot nematode,Meloidogyne coffeicola,Perdue
Coffee white stem borer beetle,Xylotrechus quadripes,Perdue
Cogongrass,Imperata cylindrica,Perdue
Colocasia bobone disease (CBDV),Cytorhabdovirus Colocasia Bobone Disease Virus,Perdue
Colony collapse,Unknown Disorder,Perdue
Colorado potato beetle,Leptinotarsa decemlineata,Perdue
Columbian root-knot nematode,Meloidogyne chitwoodi,Perdue
Common buckthorn,Rhamnus cathartica,Perdue
Common cordgrass,Spartina anglica,Perdue
Common reed,Phragmites australis (communis),Perdue
Common Russian thistle,Salsola tragus,Perdue
Common watercress,Nasturtium officinale,Perdue
Coontail,Ceratophyllum demersum,Perdue
Corn cyst nematode,Heterodera zeae,Perdue
Corn tar spot,Phyllachora maydis,Perdue
Corn; Sorghum bacterial stripe,Burkholderia andropogonis,Perdue
Cotton cutworm,Spodoptera litura,Perdue
Cotton seed bug,Oxycarenus hyalinipennis,Perdue
Cottony citrus scale,Pulvinaria polygonata,Perdue
Cottony cushion scale,Icerya purchasi,Perdue
Cowpea witchweed,Striga gesnerioides,Perdue
Crack willow,Salix fragilis,Perdue
Creeping jenny; Moneywort,Lysimachia nummularia,Perdue
Crenate broomrape,Orobanche crenata,Perdue
Cucumber green mottle mosaic (CGMMV),Tobamovirus Cucumber Green Mottle Mosaic Virus,Perdue
Cucurbit beetle,Diabrotica speciosa,Perdue
Curly-leaved pondweed,Potamogeton crispus,Perdue
Dagger nematode,Xiphinema bakeri,Perdue
Dagger nematode,Xiphinema coxi,Perdue
Dagger nematodes,Xiphinema spp.,Perdue
Dalmatian toadflax,Linaria dalmatica,Perdue
Date palm spider mite,Oligonychus calicicola,Perdue
Daylily rust,Puccinia hemerocallidis,Perdue
Denseflower cordgrass,Spartina densiflora,Perdue
Diaprepes root weevil,Diaprepes abbreviatus,Perdue
Diplodia tip blight; Canker,Diplodia sapinea,Perdue
Dodder,Cuscuta monogyna,Perdue
Dogwood anthracnose,Discula destructiva,Perdue
Dothistroma needle blight,Dothistroma septosporum,Perdue
Dutch elm disease,Ophiostoma ulmi,Perdue
Dwarf bunt,Tilletia controversa,Perdue
Dyers woad,Isatis tinctoria,Perdue
Eastern cherry fruit fly,Rhagoletis cingulata,Perdue
Eastern heath snail,Xerolenta obvia,Perdue
Egyptian cottonworm,Spodoptera littoralis,Perdue
Elm seed bug,Arocatus melanocephalus,Perdue
Elongate hemlock scale,Fiorinia externa,Perdue
Emerald ash borer,Agrilus planipennis,Perdue
English ivy,Hedera helix,Perdue
Erythrina gall wasp,Quadrastichus erythrinae,Perdue
Euphorbia pit scale,Planchonia stentae,Perdue
Eurasian watermilfoil,Myriophyllum spicatum,Perdue
European chafer,Rhizotrogus majalis,Perdue
European cherry fruit fly,Rhagoletis cerasi,Perdue
European chestnut weevil,Curculio elephas,Perdue
European corn borer,Ostrinia nubilalis,Perdue
European corn borer egg parasite,Trichogramma ostriniae,Perdue
European crane fly,Tipula paludosa,Perdue
European dagger nematode,Xiphinema diversicaudatum,Perdue
European elm bark beetle,Scolytus scolytus,Perdue
European elm flea weevil,Orchestes alni,Perdue
European flower thrips,Frankliniella intonsa,Perdue
European grape berry moth,Eupoecilia ambiguella,Perdue
European grapevine moth,Lobesia botrana,Perdue
European gypsy moth,Lymantria dispar dispar,Perdue
European hardwood Ambrosia beetle,Trypodendron domesticum,Perdue
European honey bee,Apis mellifera european,Perdue
European imported fire ant,Myrmica rubra,Perdue
European larch canker,Lachnellula willkommi,Perdue
European oak bark beetle,Scolytus intricatus,Perdue
European pepper moth,Duponchelia fovealis,Perdue
European pine sawfly,Neodiprion sertifer,Perdue
European pine shoot moth,Rhyacionia buoliana,Perdue
European poplar shoot borer,Gypsonoma aceriana,Perdue
European spruce bark beetle,Ips typographus,Perdue
European stone fruit yellows,Candidatus Phytoplasma prunorum 16SrX-F,Perdue
European water clover,Marsilea quadrifolia,Perdue
Fall webworm,Hyphantria cunea,Perdue
False coconut scale,Aspidiotus rigidus,Perdue
False codling moth,Thaumatotibia leucotreta,Perdue
False columbia root-knot nematode,Meloidogyne fallax,Perdue
False root-knot nematode,Nacobbus aberrans,Perdue
Feathered mosquitofern,Azolla pinnata,Perdue
Field bindweed,Convolvulus arvensis,Perdue
Fire ant,Solenopsis geminata,Perdue
Flag smut,Urocystis tritici,Perdue
Flavescence doree,Candidatus Phytoplasma vitis 16SrV-D,Perdue
Flowering rush,Butomus umbellatus,Perdue
Forest tent caterpillar,Malacosoma disstria,Perdue
Formosan subterranean termite,Coptotermes formosanus,Perdue
Fruit piercing moth,Eudocima fullonia,Perdue
Fruit tree Tortrix,Archips podana,Perdue
Fusarium basal stem rot,Fusarium oxysporum,Perdue
Fusarium blight,Fusarium graminearum,Perdue
Garden cornflower,Centaurea cyanus,Perdue
Garden lupine,Lupinus polyphyllus,Perdue
Garlic mustard,Alliaria petiolata,Perdue
Giant African snail,Lissachatina fulica,Perdue
Giant bulrush,Actinoscirpus grossus,Perdue
Giant dodder,Cuscuta reflexa,Perdue
Giant ghana snail,Achatina achatina,Perdue
Giant hogweed,Heracleum mantegazzianum,Perdue
Giant knotweed,Fallopia (Polygonum) sachalinensis (sachalinense),Perdue
Giant Salvinia,Salvinia herzogii,Perdue
Giant Salvinia; Eared watermoss,Salvinia auriculata,Perdue
Giant Salvinia; Karibaweed,Salvinia molesta,Perdue
Giant wood wasp,Urocerus gigas gigas,Perdue
Girdled snail,Hygromia cinctella,Perdue
Gladiolus rust,Uromyces transversalis,Perdue
Glassy-winged sharpshooter,Homalodisca vitripennis,Perdue
Glossy buckthorn,Rhamnus frangula,Perdue
Goat's rue,Galega officinalis,Perdue
Golden apple snail,Pomacea dolioides,Perdue
Golden apple snail,Pomacea canaliculata,Perdue
Golden nematode,Globodera rostochiensis,Perdue
Golden twin spot moth,Chrysodeixis chalcites,Perdue
Golden willow; Osier,Salix alba,Perdue
Goldspotted oak borer,Agrilus auroguttatus,Perdue
Granulate Ambrosia beetle,Xylosandrus crassiusculus,Perdue
Grapevine fanleaf (GFLV),Nepovirus Grapevine Fanleaf Virus,Perdue
Grapevine Pierce's disease,Xylella fastidiosa,Perdue
Grasshopper,Trimerotropis fratercula,Perdue
Grassy arrowhead,Sagittaria graminea,Perdue
Great spruce bark beetle,Dendroctonus micans,Perdue
Green alder sawfly,Monsoma pulveratum,Perdue
Green burrowing snail,Cantareus apertus,Perdue
Green oak Tortrix,Tortrix viridana,Perdue
Groundnut bud necrosis (GBNV),Tospovirus Groundnut Bud Necrosis Virus,Perdue
Guatemalan potato moth,Tecia solanivora,Perdue
Guava fruit fly,Bactrocera correcta,Perdue
Guava rust; Eucalyptus rust,Puccinia psidii,Perdue
Gypsy moth,Lymantria dispar,Perdue
Hairy willowweed,Epilobium hirsutum,Perdue
Hawkweed,Hieracium spp.,Perdue
Heavenly-bamboo,Nandina domestica,Perdue
Hemlock borer,Melanophila fulvoguttata,Perdue
Hemlock looper,Lambdina fiscellaria,Perdue
Hemlock woolly adelgid,Adelges tsugae,Perdue
Hemlock woolly adelgid lady beetle,Sasajiscymnus tsugae,Perdue
Hibiscus (Pink) mealybug,Maconellicoccus hirsutus,Perdue
Hickory shuckworm,Cydia caryana,Perdue
High plains disease (HPV),Emaravirus High Plains Wheat Mosaic Virus,Perdue
Hoary Alyssum,Berteroa incana,Perdue
Hoary cress; Whitetop,Cardaria draba,Perdue
Hokkaido gypsy moth,Lymantria umbrosa,Perdue
Horned oak gall wasp,Callirhytis cornigera,Perdue
Horse thistle,Onopordum acaulon,Perdue
Hosta virus X (HVX),Potexvirus Hosta Virus X,Perdue
Hydrilla,Hydrilla verticillata,Perdue
Hygromiid snail,Monacha cartusiana,Perdue
Hygromiid snail,Monacha cantiana,Perdue
Hygromiid snail,Xerotricha conspurcata,Perdue
Hygromiid snails,Cernuella spp.,Perdue
Hygromiid snails,Monacha spp.,Perdue
Iceryine scale,Crypticerya multicicatrices,Perdue
Iris borer,Macronoctua onusta,Perdue
Island apple snail,Pomacea insularum,Perdue
Japanese apple rust,Gymnosporangium yamadae,Perdue
Japanese beetle,Popillia japonica,Perdue
Japanese brome,Bromus japonicus,Perdue
Japanese cedar longhorned beetle,Callidiellum rufipenne,Perdue
Japanese climbing fern,Lygodium japonicum,Perdue
Japanese gypsy moth,Lymantria dispar japonica,Perdue
Japanese honeysuckle,Lonicera japonica,Perdue
Japanese hops,Humulus japonicus,Perdue
Japanese knotweed,Polygonum cuspidatum,Perdue
Japanese oak wilt,Raffaelea quercivora,Perdue
Japanese pine sawyer,Monochamus alternatus,Perdue
Japanese stilt grass,Microstegium vimineum,Perdue
Japanese wax scale,Ceroplastes japonicus,Perdue
Java downy mildew,Peronosclerospora maydis,Perdue
Javanese root-knot nematode,Meloidogyne javanica,Perdue
Jewel beetle,Agrilus sulcicollis,Perdue
Jumping snail,Ovachlamys fulgens,Perdue
Karnal bunt,Tilletia indica,Perdue
Khapra beetle,Trogoderma granarium,Perdue
Kudzu,Pueraria montana (lobata),Perdue
Ladybird beetle,Stethorus punctum,Perdue
Ladybird beetle,Coleomegilla maculata,Perdue
Ladybird beetle scale predator,Chilocorus kuwanae,Perdue
Laelapid mite,Tropilaelaps clareae,Perdue
Large pine weevil,Hylobius abietis,Perdue
Large white butterfly,Pieris brassicae,Perdue
Late blight,Phytophthora infestans,Perdue
Late wilt of corn,Harpophora maydis,Perdue
Laurel wilt,Raffaelea lauricola,Perdue
Leafy spurge,Euphorbia esula,Perdue
Leatherleaf slugs,Laevicaulis spp.,Perdue
Leatherleaf slugs,Colosius spp.,Perdue
Leatherleaf slugs,Belocaulus spp.,Perdue
Leatherleaf slugs,Semperula spp.,Perdue
Leatherleaf slugs,Veronicellidae spp.,Perdue
Leatherleaf slugs,Veronicella spp.,Perdue
Leatherleaf slugs,Sarasinula spp.,Perdue
Leek moth,Acrolepiopsis assectella,Perdue
Lesion nematodes,Pratylenchus spp.,Perdue
Lesser cattail,Typha angustifolia,Perdue
Lesser pine shoot beetle,Tomicus minor,Perdue
Lesser spruce shoot beetle,Hylurgops palliatus,Perdue
Light brown apple moth,Epiphyas postvittana,Perdue
Lily leaf beetle,Lilioceris lilii,Perdue
Lime swallowtail,Papilio demoleus,Perdue
Limnophila,Limnophila sessilifolia,Perdue
Little fire ant,Wasmannia auropunctata,Perdue
Lobate lac scale,Paratachardina pseudolobata,Perdue
Locust leafminer,Odontota dorsalis,Perdue
Longhorned beetle,Anoplophora spp.,Perdue
Longhorned beetle,Xylotrechus pyrrhoderus,Perdue
Loosestrife root weevil,Hylobius transversovittus,Perdue
Mahoberberis,Mahoberberis spp.,Perdue
Mahonia,Mahonia spp.,Perdue
Mal del cipres; Cypress mortality,Phytophthora austrocedrae,Perdue
Malaysian fruit fly,Bactrocera latifrons,Perdue
Mango fruit rot,Neofusicoccum mangiferae,Perdue
Mango seed weevil,Sternochetus mangiferae,Perdue
Mango sudden decline,Ceratocystis manginecans,Perdue
Maritime garden snail,Cernuella virgata,Perdue
Masson pine moth,Dendrolimus punctatus,Perdue
Meadow fleabane,Inula britannica,Perdue
Meadow knapweed,Centaurea debeauxii thuillieri,Perdue
Mealybug,Hypogeococcus pungens,Perdue
Mediterranean cereal cyst nematode,Heterodera latipons,Perdue
Mediterranean fruit fly (Medfly),Ceratitis capitata,Perdue
Mediterranean pine engraver,Orthotomicus erosus,Perdue
Medusa head,Taeniatherum caput-medusae,Perdue
Melastomatid weed,Miconia calvescens,Perdue
Melon fly,Bactrocera cucurbitae,Perdue
Melon thrips,Thrips palmi,Perdue
Mexican bean beetle,Epilachna varivestis,Perdue
Mexican corn cyst nematode,Punctodera chalcoensis,Perdue
Mexican fruit fly (Mexfly),Anastrepha ludens,Perdue
Mexican rice borer,Eoreuma loftini,Perdue
Mile-a-minute weed,Persicaria perfoliata,Perdue
Milk snail,Otala lactea,Perdue
Milky spore (Grub control),Bacillus popilliae,Perdue
Miramarweed; Indian waterweed,Hygrophila polysperma,Perdue
Monochoria,Monochoria vaginalis,Perdue
Mormon cricket,Anabrus simplex,Perdue
Mottled umber moth,Erannis defoliaria,Perdue
Mountain oak longhorned beetle,Massicus raddei,Perdue
Mountain pine beetle,Dendroctonus ponderosae,Perdue
Mud-mat,Glossostigma cleistanthum,Perdue
Mulberry borer,Xylotrechus chinensis,Perdue
Multicolored Asian lady beetle,Harmonia axyridis,Perdue
Myoporum thrips,Klambothrips myopori,Perdue
Myrtle spurge,Euphorbia myrsinites,Perdue
Needle blight of pine,Pseudocercospora pini-densiflorae,Perdue
Needle nematode,Longidorus diadecturus,Perdue
Nettle caterpillar,Darna pallivitta,Perdue
New guinea sugarcane weevil,Rhabdoscelus obscurus,Perdue
New zealand mud snail,Potamopyrgus antipodarum,Perdue
Nigerian land snail,Limicolaria aurora,Perdue
Noctuid moth,Copitarsia spp.,Perdue
Nodding broomrape,Orobanche cernua,Perdue
Nodding plumeless thistle,Carduus nutans,Perdue
Northern root-knot nematode,Meloidogyne hapla,Perdue
Norway maple,Acer platanoides,Perdue
Nosema disease,Nosema ceranae,Perdue
Nun moth,Lymantria monacha,Perdue
Oak Ambrosia beetle,Platypus quercivorus,Perdue
Oak processionary moth,Thaumetopoea processionea,Perdue
Oak splendour beetle,Agrilus biguttatus,Perdue
Oak wilt,Ceratocystis fagacearum,Perdue
Oat cyst nematode,Heterodera avenae,Perdue
Old World bollworm,Helicoverpa armigera,Perdue
Olive fruit fly,Bactrocera oleae,Perdue
Onionweed,Asphodelus fistulosus,Perdue
Orange eye butterflybush,Buddleja davidii,Perdue
Orange hawkweed,Hieracium aurantiacum,Perdue
Orange spiny whitefly,Aleurocanthus spiniferus,Perdue
Oriental beetle,Anomala orientalis,Perdue
Oriental fruit fly,Bactrocera dorsalis,Perdue
Oriental fruit moth,Grapholita molesta,Perdue
Ottelia; Duck-lettuce,Ottelia alismoides,Perdue
Pale cyst nematode,Globodera pallida,Perdue
Palm borer,Paysandisia archon,Perdue
Palm lethal yellowing,Candidatus Phytoplasma palmae 16SrIV,Perdue
Panama disease; Fusarium wilt,Fusarium oxysporum f.sp. cubense,Perdue
Paragrass,Urochloa mutica,Perdue
Parana coffee root-knot nematode,Meloidogyne paranaensis,Perdue
Parasitic plant,Aeginetia indica,Perdue
Parrotfeather,Myriophyllum aquaticum,Perdue
Passionvine mealybug,Planococcus minor,Perdue
Pea cyst nematode,Heterodera goettingiana,Perdue
Peach fruit fly,Bactrocera zonata,Perdue
Peanut root-knot nematode,Meloidogyne arenaria,Perdue
Pear blight beetle,Xyleborus dispar,Perdue
Pear leaf blister moth,Leucoptera malifoliella,Perdue
Pear thrips,Taeniothrips inconsequens,Perdue
Pecan nut casebearer,Acrobasis nuxvorella,Perdue
Pecan root-knot nematode,Meloidogyne partityla,Perdue
Pecan weevil,Curculio caryae,Perdue
Perennial sowthistle,Sonchus arvensis,Perdue
Philippine downy mildew,Peronosclerospora philippinensis,Perdue
Physoderma brown spot; Stalk rot,Physoderma maydis,Perdue
Phytophthora fruit rot,Phytophthora syringae,Perdue
Phytophthora leaf blight,Phytophthora colocasiae,Perdue
Phytophthora leaf blight,Phytophthora kernoviae,Perdue
Phytophthora oak decline; Root rot,Phytophthora quercina,Perdue
Pigeonpea cyst nematode,Heterodera cajani,Perdue
Pine beauty moth,Panolis flammea,Perdue
Pine processionary moth,Thaumetopoea pityocampa,Perdue
Pine sawfly,Diprion pini,Perdue
Pine shoot beetle,Tomicus destruens,Perdue
Pine shoot beetle,Tomicus piniperda,Perdue
Pine tortoise scale,Toumeyella parvicornis,Perdue
Pine wilt nematode (Pinewood),Bursaphelenchus xylophilus,Perdue
Pine witches' broom,Candidatus Phytoplasma pini-related 16SrXXI-B,Perdue
Pine-tree lappet,Dendrolimus pini,Perdue
Pink bollworm,Pectinophora gossypiella,Perdue
Plum Curculio,Conotrachelus nenuphar,Perdue
Plum fruit moth,Grapholita funebrana,Perdue
Plum pox (PPV),Potyvirus Plum Pox Virus,Perdue
Poinciana looper,Pericyma cruegeri,Perdue
Poison hemlock,Conium maculatum,Perdue
Policeman's helmet,Impatiens glandulifera,Perdue
Popillia beetles,Popillia spp.,Perdue
Poplar borer,Saperda calcarata,Perdue
Potato psyllid,Bactericera cockerelli,Perdue
Potato rot nematode,Ditylenchus destructor,Perdue
Potato spindle Tuber,Potato Spindle Tuber Viroid,Perdue
Potato Tuberworm,Phthorimaea operculella,Perdue
Potato wart,Synchytrium endobioticum,Perdue
Prickly lettuce,Lactuca serriola,Perdue
Primitivus stubby-root nematode,Trichodorus primitivus,Perdue
Proximus stubby-root nematode,Trichodorus obtusus,Perdue
Pseudomonas bacterial wilt/ rot,Burkholderia caryophylli,Perdue
Purple loosestrife,Lythrum salicaria,Perdue
Purple willow,Salix purpurea,Perdue
Quagga mussel,Dreissena rostriformis bugensis,Perdue
Red (Purple) starthistle,Centaurea calcitrapa,Perdue
Red imported fire ant,Solenopsis invicta,Perdue
Red neck longhorn beetle,Aromia bungii,Perdue
Red palm mite,Raoiella indica,Perdue
Red palm weevil,Rhynchophorus ferrugineus,Perdue
Red pine shoot moths,Dioryctria spp.,Perdue
Red ring nematode,Bursaphelenchus cocophilus,Perdue
Red-belted clearwing,Synanthedon myopaeformis,Perdue
Redbay Ambrosia beetle,Xyleborus glabratus,Perdue
Redhaired pine bark beetle,Hylurgus ligniperda,Perdue
Reed canarygrass,Phalaris arundinacea,Perdue
Reniform nematode,Rotylenchulus reniformis,Perdue
Rice panicle mite,Steneotarsonemus spinki,Perdue
Rice stem nematode,Ditylenchus angustus,Perdue
Rice stinkbug,Tibraca limbativentris,Perdue
Rice thrips,Stenchaetothrips biformis,Perdue
Rice white-tip nematode,Aphelenchoides besseyi,Perdue
Ring nematode,Mesocriconema xenoplax,Perdue
Root rot,Gymnopus fusipes,Perdue
Root-knot nematode,Meloidogyne mayaguensis,Perdue
Root-knot nematode,Meloidogyne minor,Perdue
Root-knot nematodes,Meloidogyne spp.,Perdue
Rosy moth,Lymantria mathura,Perdue
Rotala,Rotala rotundifolia,Perdue
Rotbrenner,Pseudopezicula tracheiphila,Perdue
Rough sweetpotato weevil,Blosyrus asellus,Perdue
Roughstalk bluegrass,Poa trivialis,Perdue
Roundleaf chastetree,Vitex rotundifolia,Perdue
Rush skeletonweed,Chondrilla juncea,Perdue
Russian knapweed,Rhaponticum repens,Perdue
Russian olive,Elaeagnus angustifolia,Perdue
Russian wheat aphid,Diuraphis noxia,Perdue
Rustic borer,Xylotrechus colonus,Perdue
Sakhalin pine sawyer,Monochamus saltuarius,Perdue
Sakhalin silk moth,Dendrolimus superans,Perdue
Salt meadow cordgrass,Spartina patens,Perdue
Saltcedar,Tamarix ramosissima,Perdue
Satin moth,Leucoma salicis,Perdue
Scarlet oak sawfly,Caliroa quercuscoccineae,Perdue
Scolytid beetle,Xyleborus spp.,Perdue
Scolytid beetle,Ips subelongatus,Perdue
Scotch broom,Cytisus scoparius,Perdue
Scots pine blister rust,Cronartium flaccidum,Perdue
Seed-gall nematode,Anguina funesta,Perdue
Seed-gall nematodes,Anguina spp.,Perdue
Senegal tea plant,Gymnocoronis spilanthoides,Perdue
Siberian silk moth,Dendrolimus sibiricus,Perdue
Silver Y moth,Autographa gamma,Perdue
Sirex woodwasp,Sirex noctilio,Perdue
Sixspined Ips,Ips calligraphus,Perdue
Sixtoothed bark beetle,Ips sexdentatus,Perdue
Sixtoothed spruce bark beetle,Pityogenes chalcographus,Perdue
Slender-banded pinecone longhorn beetle,Chlorophorus strobilicola,Perdue
Slippery skin,Burkholderia gladioli,Perdue
Small broomrape; Hellroot,Orobanche minor,Perdue
Small brown planthopper,Laodelphax striatellus,Perdue
Small hive beetle,Aethina tumida,Perdue
Small pointed snail,Prietocella barbara,Perdue
Small white-marmorated longhorned beetle,Monochamus sutor,Perdue
Smooth cordgrass,Spartina alterniflora,Perdue
Soft wax scale,Ceroplastes destructor,Perdue
Sour skin,Burkholderia cepacia,Perdue
South American palm weevil,Rhynchophorus palmarum,Perdue
South American rice miner,Hydrellia wirthi,Perdue
Southern bacterial wilt,Ralstonia solanacearum race 1,Perdue
Southern mole cricket,Scapteriscus borellii,Perdue
Southern pine beetle,Dendroctonus frontalis,Perdue
Southern root-knot nematode,Meloidogyne incognita,Perdue
Soybean aphid,Aphis glycines,Perdue
Soybean brown stem rot,Cadophora gregata,Perdue
Soybean cyst nematode,Heterodera glycines,Perdue
Soybean dwarf (SbDV),Luteovirus Soybean Dwarf Virus,Perdue
Soybean pod borer,Maruca vitrata,Perdue
Soybean pod borer,Leguminivora glycinivorella,Perdue
Soybean stem borer,Dectes texanus,Perdue
Spanish slug,Arion vulgaris,Perdue
Spider mite,Tetranychus roseus,Perdue
Spider mite,Oligonychus palus,Perdue
Spot anthracnose,Elsinoe batatas,Perdue
Spotted ladysthumb,Polygonum persicaria,Perdue
Spotted lanternfly,Lycorma delicatula,Perdue
Spotted stem borer,Chilo partellus,Perdue
Spotted wing Drosophila,Drosophila suzukii,Perdue
Spring cankerworm,Paleacrita vernata,Perdue
Spring crimp (Foliar) nematode,Aphelenchoides fragariae,Perdue
Squash vine borer,Melittia cucurbitae,Perdue
St. johnswort borer,Agrilus hyperici,Perdue
Stalk borer,Papaipema nebris,Perdue
Steinhorst stubby-root nematode,Paratrichodorus pachydermus,Perdue
Stem and bulb nematode,Ditylenchus dipsaci,Perdue
Sticky chickweed,Cerastium glomeratum,Perdue
Striga,Striga hermonthica,Perdue
Stripe rust; Yellow rust,Puccinia striiformis var. striiformis,Perdue
Stubby-root nematode,Paratrichodorus anemones,Perdue
Stubby-root nematode,Trichodorus viruliferus,Perdue
Stubby-root nematode,Paratrichodorus nanus,Perdue
Stubby-root nematode,Paratrichodorus teres,Perdue
Stubby-root nematode,Paratrichodorus minor,Perdue
Stubby-root nematode,Paratrichodorus allius,Perdue
Stubby-root nematodes,Paratrichodorus spp.,Perdue
Stunt nematode,Tylenchorhynchus ewingii,Perdue
Sugar cane cyst nematode,Heterodera sacchari,Perdue
Summer fruit Tortrix moth,Adoxophyes orana,Perdue
Sunn pest,Eurygaster integriceps,Perdue
Swamp morningglory,Ipomoea aquatica,Perdue
Swede midge,Contarinia nasturtii,Perdue
Sweet orange scab,Elsinoe australis,Perdue
Sweetpotato whitefly,Bemisia tabaci,Perdue
Switchgrass; Panic grass,Panicum virgatum,Perdue
Swollen bladderwort,Utricularia inflata,Perdue
Tall buttercup,Ranunculus acris,Perdue
Tamarisk,Tamarix spp.,Perdue
Tansy ragwort,Senecio jacobaea,Perdue
Taro bacilliform (TaBV),Badnavirus Taro Bacilliform Badnavirus,Perdue
Tawny crazy ant,Nylanderia fulva,Perdue
Tetranychid mite,Tetranychus kanzawai,Perdue
Texas Phoenix palm decline,Candidatus Phytoplasma 16SrIV-D,Perdue
Thousand cankers disease,Geosmithia morbida,Perdue
Tomato black ring (TBRV),Nepovirus Tomato Black Ring Virus,Perdue
Tomato fruit borer,Neoleucinodes elegantalis,Perdue
Tomato leaf miner,Tuta absoluta,Perdue
Tomato torrado (ToTV),Torradovirus Tomato Torrado Virus,Perdue
Tomato yellow leaf curl (TYLCV),Begomovirus Tomato Yellow Leaf Curl Virus,Perdue
Tremex woodwasp,Tremex fuscicornis,Perdue
Triticum mosaic,Triticum Mosaic Virus; WASMV,Perdue
Tropical soda apple,Solanum viarum,Perdue
Tropical spiderwort; Benghal dayflower,Commelina benghalensis,Perdue
Tufted apple bud moth,Platynota idaeusalis,Perdue
Twobanded Japanese weevil,Pseudocneorhinus bifasciatus,Perdue
Twospotted citrus psyllid,Trioza erytreae,Perdue
Variable watermilfoil,Myriophyllum heterophyllum,Perdue
Variegated golden Tortrix,Archips xylosteanus,Perdue
Varroa mite,Varroa destructor,Perdue
Velvet longhorned beetle,Trichoferus campestris,Perdue
Veronicellid slug,Veronicella floridana,Perdue
Verticillium wilt,Verticillium spp.,Perdue
Viburnum leaf beetle,Pyrrhalta viburni,Perdue
Vine mealybug,Planococcus ficus,Perdue
Walnut twig beetle,Pityophthorus juglandis,Perdue
Wand loosestrife,Lythrum virgatum,Perdue
Water hyacinth,Eichhornia crassipes,Perdue
Water soldiers,Stratiotes aloides,Perdue
Water spangles; Water fern,Salvinia minima,Perdue
Water-chestnut,Trapa natans,Perdue
Waterlettuce,Pistia stratiotes,Perdue
Weeping alkaligrass,Puccinellia distans,Perdue
West African land snail; (Banana rasp),Archachatina marginata,Perdue
West indian cane weevil,Metamasius hemipterus,Perdue
Western bean cutworm,Striacosta albicosta,Perdue
Western corn rootworm,Diabrotica virgifera,Perdue
Wetland nightshade,Solanum tampicense,Perdue
Wheat bug,Nysius huttoni,Perdue
Wheat leaf rust,Puccinia triticina f.sp. tritici,Perdue
Wheat powdery mildew,Blumeria graminis f.sp. tritici,Perdue
Wheat seed gall nematode,Anguina tritici,Perdue
Wheat stem rust ug 99,Puccinia graminis tritici UG 99,Perdue
Wheat streak mosaic (WSMV),Tritimovirus Wheat Streak Mosaic Virus,Perdue
White clover weevil,Ischnopterapion virens,Perdue
White garden snail,Theba pisana,Perdue
White knapweed; Diffuse knapweed,Centaurea diffusa,Perdue
White peach scale,Pseudaulacaspis pentagona,Perdue
White-winged gypsy moth,Lymantria postalba,Perdue
Whitefringed weevil,Naupactus leucoloma,Perdue
Whitespotted sawyer,Monochamus scutellatus,Perdue
Wild parsnip,Pastinaca sativa,Perdue
Wingless weevil,Otiorhynchus dieckmanni,Perdue
Winter moth,Operophtera brumata,Perdue
Wireworm,Agriotes sputator,Perdue
Wireworm,Agriotes ustulatus,Perdue
Woolly waterlily,Philydrum lanuginosum,Perdue
Wrinkled snail,Candidula intersecta,Perdue
Yellow (White) sweet clover,Melilotus officinalis (alba),Perdue
Yellow crazy ant,Anoplolepis gracilipes,Perdue
Yellow fieldcress,Rorippa sylvestris,Perdue
Yellow flag Iris,Iris pseudocorus,Perdue
Yellow floating heart,Nymphoides peltata,Perdue
Yellow peach moth; Castor capsule borer,Conogethes punctiferalis,Perdue
Yellow starthistle,Centaurea solstitialis,Perdue
Yellow toadflax,Linaria vulgaris,Perdue
Yellow witchweed,Alectra vogelii,Perdue
Zebra mussel,Dreissena polymorpha,Perdue
Zimmerman pine moth,Dioryctria zimmermani,Perdue
